,,Unnamed: 0,Unnamed: 0,Unnamed: 0,Unnamed: 0,Unnamed: 0,Unnamed: 0,Unnamed: 0,Unnamed: 0,week,week,week,week,week,week,week,week,completions,completions,completions,completions,completions,completions,completions,completions,attempts,attempts,attempts,attempts,attempts,attempts,attempts,attempts,passing_yards,passing_yards,passing_yards,passing_yards,passing_yards,passing_yards,passing_yards,passing_yards,passing_tds,passing_tds,passing_tds,passing_tds,passing_tds,passing_tds,passing_tds,passing_tds,interceptions,interceptions,interceptions,interceptions,interceptions,interceptions,interceptions,interceptions,sacks,sacks,sacks,sacks,sacks,sacks,sacks,sacks,sack_yards,sack_yards,sack_yards,sack_yards,sack_yards,sack_yards,sack_yards,sack_yards,sack_fumbles,sack_fumbles,sack_fumbles,sack_fumbles,sack_fumbles,sack_fumbles,sack_fumbles,sack_fumbles,sack_fumbles_lost,sack_fumbles_lost,sack_fumbles_lost,sack_fumbles_lost,sack_fumbles_lost,sack_fumbles_lost,sack_fumbles_lost,sack_fumbles_lost,passing_air_yards,passing_air_yards,passing_air_yards,passing_air_yards,passing_air_yards,passing_air_yards,passing_air_yards,passing_air_yards,passing_yards_after_catch,passing_yards_after_catch,passing_yards_after_catch,passing_yards_after_catch,passing_yards_after_catch,passing_yards_after_catch,passing_yards_after_catch,passing_yards_after_catch,passing_first_downs,passing_first_downs,passing_first_downs,passing_first_downs,passing_first_downs,passing_first_downs,passing_first_downs,passing_first_downs,passing_epa,passing_epa,passing_epa,passing_epa,passing_epa,passing_epa,passing_epa,passing_epa,passing_2pt_conversions,passing_2pt_conversions,passing_2pt_conversions,passing_2pt_conversions,passing_2pt_conversions,passing_2pt_conversions,passing_2pt_conversions,passing_2pt_conversions,pacr,pacr,pacr,pacr,pacr,pacr,pacr,pacr,dakota,dakota,dakota,dakota,dakota,dakota,dakota,dakota,carries,carries,carries,carries,carries,carries,carries,carries,rushing_yards,rushing_yards,rushing_yards,rushing_yards,rushing_yards,rushing_yards,rushing_yards,rushing_yards,rushing_tds,rushing_tds,rushing_tds,rushing_tds,rushing_tds,rushing_tds,rushing_tds,rushing_tds,rushing_fumbles,rushing_fumbles,rushing_fumbles,rushing_fumbles,rushing_fumbles,rushing_fumbles,rushing_fumbles,rushing_fumbles,rushing_fumbles_lost,rushing_fumbles_lost,rushing_fumbles_lost,rushing_fumbles_lost,rushing_fumbles_lost,rushing_fumbles_lost,rushing_fumbles_lost,rushing_fumbles_lost,rushing_first_downs,rushing_first_downs,rushing_first_downs,rushing_first_downs,rushing_first_downs,rushing_first_downs,rushing_first_downs,rushing_first_downs,rushing_epa,rushing_epa,rushing_epa,rushing_epa,rushing_epa,rushing_epa,rushing_epa,rushing_epa,rushing_2pt_conversions,rushing_2pt_conversions,rushing_2pt_conversions,rushing_2pt_conversions,rushing_2pt_conversions,rushing_2pt_conversions,rushing_2pt_conversions,rushing_2pt_conversions,receptions,receptions,receptions,receptions,receptions,receptions,receptions,receptions,targets,targets,targets,targets,targets,targets,targets,targets,receiving_yards,receiving_yards,receiving_yards,receiving_yards,receiving_yards,receiving_yards,receiving_yards,receiving_yards,receiving_tds,receiving_tds,receiving_tds,receiving_tds,receiving_tds,receiving_tds,receiving_tds,receiving_tds,receiving_fumbles,receiving_fumbles,receiving_fumbles,receiving_fumbles,receiving_fumbles,receiving_fumbles,receiving_fumbles,receiving_fumbles,receiving_fumbles_lost,receiving_fumbles_lost,receiving_fumbles_lost,receiving_fumbles_lost,receiving_fumbles_lost,receiving_fumbles_lost,receiving_fumbles_lost,receiving_fumbles_lost,receiving_air_yards,receiving_air_yards,receiving_air_yards,receiving_air_yards,receiving_air_yards,receiving_air_yards,receiving_air_yards,receiving_air_yards,receiving_yards_after_catch,receiving_yards_after_catch,receiving_yards_after_catch,receiving_yards_after_catch,receiving_yards_after_catch,receiving_yards_after_catch,receiving_yards_after_catch,receiving_yards_after_catch,receiving_first_downs,receiving_first_downs,receiving_first_downs,receiving_first_downs,receiving_first_downs,receiving_first_downs,receiving_first_downs,receiving_first_downs,receiving_epa,receiving_epa,receiving_epa,receiving_epa,receiving_epa,receiving_epa,receiving_epa,receiving_epa,receiving_2pt_conversions,receiving_2pt_conversions,receiving_2pt_conversions,receiving_2pt_conversions,receiving_2pt_conversions,receiving_2pt_conversions,receiving_2pt_conversions,receiving_2pt_conversions,racr,racr,racr,racr,racr,racr,racr,racr,target_share,target_share,target_share,target_share,target_share,target_share,target_share,target_share,air_yards_share,air_yards_share,air_yards_share,air_yards_share,air_yards_share,air_yards_share,air_yards_share,air_yards_share,wopr,wopr,wopr,wopr,wopr,wopr,wopr,wopr,special_teams_tds,special_teams_tds,special_teams_tds,special_teams_tds,special_teams_tds,special_teams_tds,special_teams_tds,special_teams_tds,fantasy_points,fantasy_points,fantasy_points,fantasy_points,fantasy_points,fantasy_points,fantasy_points,fantasy_points,fantasy_points_ppr,fantasy_points_ppr,fantasy_points_ppr,fantasy_points_ppr,fantasy_points_ppr,fantasy_points_ppr,fantasy_points_ppr,fantasy_points_ppr
,,count,mean,std,min,25%,50%,75%,max,count,mean,std,min,25%,50%,75%,max,count,mean,std,min,25%,50%,75%,max,count,mean,std,min,25%,50%,75%,max,count,mean,std,min,25%,50%,75%,max,count,mean,std,min,25%,50%,75%,max,count,mean,std,min,25%,50%,75%,max,count,mean,std,min,25%,50%,75%,max,count,mean,std,min,25%,50%,75%,max,count,mean,std,min,25%,50%,75%,max,count,mean,std,min,25%,50%,75%,max,count,mean,std,min,25%,50%,75%,max,count,mean,std,min,25%,50%,75%,max,count,mean,std,min,25%,50%,75%,max,count,mean,std,min,25%,50%,75%,max,count,mean,std,min,25%,50%,75%,max,count,mean,std,min,25%,50%,75%,max,count,mean,std,min,25%,50%,75%,max,count,mean,std,min,25%,50%,75%,max,count,mean,std,min,25%,50%,75%,max,count,mean,std,min,25%,50%,75%,max,count,mean,std,min,25%,50%,75%,max,count,mean,std,min,25%,50%,75%,max,count,mean,std,min,25%,50%,75%,max,count,mean,std,min,25%,50%,75%,max,count,mean,std,min,25%,50%,75%,max,count,mean,std,min,25%,50%,75%,max,count,mean,std,min,25%,50%,75%,max,count,mean,std,min,25%,50%,75%,max,count,mean,std,min,25%,50%,75%,max,count,mean,std,min,25%,50%,75%,max,count,mean,std,min,25%,50%,75%,max,count,mean,std,min,25%,50%,75%,max,count,mean,std,min,25%,50%,75%,max,count,mean,std,min,25%,50%,75%,max,count,mean,std,min,25%,50%,75%,max,count,mean,std,min,25%,50%,75%,max,count,mean,std,min,25%,50%,75%,max,count,mean,std,min,25%,50%,75%,max,count,mean,std,min,25%,50%,75%,max,count,mean,std,min,25%,50%,75%,max,count,mean,std,min,25%,50%,75%,max,count,mean,std,min,25%,50%,75%,max,count,mean,std,min,25%,50%,75%,max
position,season,,,,,,,,,,,,,,,,,,,,,,,,,,,,,,,,,,,,,,,,,,,,,,,,,,,,,,,,,,,,,,,,,,,,,,,,,,,,,,,,,,,,,,,,,,,,,,,,,,,,,,,,,,,,,,,,,,,,,,,,,,,,,,,,,,,,,,,,,,,,,,,,,,,,,,,,,,,,,,,,,,,,,,,,,,,,,,,,,,,,,,,,,,,,,,,,,,,,,,,,,,,,,,,,,,,,,,,,,,,,,,,,,,,,,,,,,,,,,,,,,,,,,,,,,,,,,,,,,,,,,,,,,,,,,,,,,,,,,,,,,,,,,,,,,,,,,,,,,,,,,,,,,,,,,,,,,,,,,,,,,,,,,,,,,,,,,,,,,,,,,,,,,,,,,,,,
FB,2021,18.0,493.5,5.338539126015656,485.0,489.25,493.5,497.75,502.0,18.0,11.11111111111111,6.323521811820938,1.0,5.75,11.5,15.75,21.0,18.0,0.0,0.0,0.0,0.0,0.0,0.0,0.0,18.0,0.0,0.0,0.0,0.0,0.0,0.0,0.0,18.0,0.0,0.0,0.0,0.0,0.0,0.0,0.0,18.0,0.0,0.0,0.0,0.0,0.0,0.0,0.0,18.0,0.0,0.0,0.0,0.0,0.0,0.0,0.0,18.0,0.0,0.0,0.0,0.0,0.0,0.0,0.0,18.0,0.0,0.0,0.0,0.0,0.0,0.0,0.0,18.0,0.0,0.0,0.0,0.0,0.0,0.0,0.0,18.0,0.0,0.0,0.0,0.0,0.0,0.0,0.0,18.0,0.0,0.0,0.0,0.0,0.0,0.0,0.0,18.0,0.0,0.0,0.0,0.0,0.0,0.0,0.0,18.0,0.0,0.0,0.0,0.0,0.0,0.0,0.0,18.0,0.0,0.0,0.0,0.0,0.0,0.0,0.0,18.0,0.0,0.0,0.0,0.0,0.0,0.0,0.0,18.0,0.0,0.0,0.0,0.0,0.0,0.0,0.0,18.0,0.0,0.0,0.0,0.0,0.0,0.0,0.0,18.0,0.6111111111111112,1.2432826042324119,0.0,0.0,0.0,1.0,5.0,18.0,2.0,4.6017899330842225,0.0,0.0,0.0,0.0,14.0,18.0,0.05555555555555555,0.23570226039551584,0.0,0.0,0.0,0.0,1.0,18.0,0.0,0.0,0.0,0.0,0.0,0.0,0.0,18.0,0.0,0.0,0.0,0.0,0.0,0.0,0.0,18.0,0.2222222222222222,0.5483188805533162,0.0,0.0,0.0,0.0,2.0,18.0,-0.13754171795315223,1.1125604888799963,-3.650882482528688,0.0,0.0,0.0,1.954025626182556,18.0,0.0,0.0,0.0,0.0,0.0,0.0,0.0,18.0,1.7777777777777777,1.1659661762602749,0.0,1.0,2.0,2.0,4.0,18.0,2.2777777777777777,1.4061024795535124,0.0,1.25,2.0,3.0,5.0,18.0,17.27777777777778,14.9107365800445,0.0,6.25,12.5,31.5,45.0,18.0,0.05555555555555555,0.23570226039551584,0.0,0.0,0.0,0.0,1.0,18.0,0.0,0.0,0.0,0.0,0.0,0.0,0.0,18.0,0.0,0.0,0.0,0.0,0.0,0.0,0.0,18.0,16.444444444444443,14.79754439971166,0.0,5.25,10.0,23.75,49.0,18.0,8.722222222222221,12.522006771870524,0.0,0.25,3.0,11.25,42.0,18.0,0.8888888888888888,0.9633818428657449,0.0,0.0,1.0,1.75,3.0,18.0,0.7589554232027795,1.5957618173521801,-1.1798105239868164,-0.32092017494142056,0.22316830232739449,1.4918397963047028,5.512380599975586,18.0,0.0,0.0,0.0,0.0,0.0,0.0,0.0,18.0,1.161648992035124,1.0347505005213253,0.0,0.5499999821186066,1.0,1.5062499642372131,4.55555534362793,18.0,0.07747821427053873,0.04178244853683601,0.0,0.05161943379789588,0.0819398015737533,0.10192307829856868,0.1428571492433548,18.0,0.07612583610332671,0.06404911858564268,0.0,0.030166119802743176,0.0610370375216007,0.10248064063489434,0.1884615421295166,18.0,0.16950540203187198,0.1020138975383909,0.0,0.10301118902862069,0.17383661866188044,0.21392378583550448,0.346208781003952,18.0,0.0,0.0,0.0,0.0,0.0,0.0,0.0,18.0,2.594444444444444,2.8072327220156787,0.0,0.75,1.45,3.6500000000000004,11.1,18.0,4.372222222222222,3.657676143570099,0.0,1.7,3.45,6.3,15.1
FB,2022,15.0,5951.0,4.47213595499958,5944.0,5947.5,5951.0,5954.5,5958.0,15.0,10.133333333333333,6.566872126348246,1.0,4.5,11.0,15.5,20.0,15.0,0.0,0.0,0.0,0.0,0.0,0.0,0.0,15.0,0.0,0.0,0.0,0.0,0.0,0.0,0.0,15.0,0.0,0.0,0.0,0.0,0.0,0.0,0.0,15.0,0.0,0.0,0.0,0.0,0.0,0.0,0.0,15.0,0.0,0.0,0.0,0.0,0.0,0.0,0.0,15.0,0.0,0.0,0.0,0.0,0.0,0.0,0.0,15.0,0.0,0.0,0.0,0.0,0.0,0.0,0.0,15.0,0.0,0.0,0.0,0.0,0.0,0.0,0.0,15.0,0.0,0.0,0.0,0.0,0.0,0.0,0.0,15.0,0.0,0.0,0.0,0.0,0.0,0.0,0.0,15.0,0.0,0.0,0.0,0.0,0.0,0.0,0.0,15.0,0.0,0.0,0.0,0.0,0.0,0.0,0.0,15.0,0.0,0.0,0.0,0.0,0.0,0.0,0.0,15.0,0.0,0.0,0.0,0.0,0.0,0.0,0.0,15.0,0.0,0.0,0.0,0.0,0.0,0.0,0.0,15.0,0.0,0.0,0.0,0.0,0.0,0.0,0.0,15.0,0.5333333333333333,0.6399404734221845,0.0,0.0,0.0,1.0,2.0,15.0,2.2666666666666666,3.5348604067541474,0.0,0.0,0.0,3.5,9.0,15.0,0.06666666666666667,0.25819888974716115,0.0,0.0,0.0,0.0,1.0,15.0,0.0,0.0,0.0,0.0,0.0,0.0,0.0,15.0,0.0,0.0,0.0,0.0,0.0,0.0,0.0,15.0,0.3333333333333333,0.48795003647426666,0.0,0.0,0.0,1.0,1.0,15.0,0.18028077681859334,0.3661433368405195,-0.5572870969772339,0.0,0.0,0.4050268977880478,0.814677357673645,15.0,0.0,0.0,0.0,0.0,0.0,0.0,0.0,15.0,1.3333333333333333,1.2909944487358056,0.0,0.0,1.0,2.0,4.0,15.0,1.6,1.2983506020002016,0.0,1.0,1.0,2.0,4.0,15.0,13.733333333333333,14.280189407840833,0.0,0.0,7.0,26.5,35.0,15.0,0.06666666666666667,0.25819888974716115,0.0,0.0,0.0,0.0,1.0,15.0,0.0,0.0,0.0,0.0,0.0,0.0,0.0,15.0,0.0,0.0,0.0,0.0,0.0,0.0,0.0,15.0,4.4,6.467501173449559,-5.0,0.0,3.0,6.0,23.0,15.0,10.133333333333333,12.51779685468805,0.0,0.0,3.0,22.0,32.0,15.0,0.6,0.828078671210825,0.0,0.0,0.0,1.0,3.0,15.0,0.45457838426033653,1.5398714385411596,-2.3848679065704346,-0.02017240598797795,0.1411124616861343,1.4805657267570496,3.297160625457764,15.0,0.0,0.0,0.0,0.0,0.0,0.0,0.0,15.0,2.156736938158671,3.5985460209000384,-1.399999976158142,0.0,1.0,2.545454502105713,11.666666984558104,15.0,0.05008379071950908,0.032758436821203996,0.0,0.03575989790260785,0.050000000745058,0.0759615413844585,0.0975609719753265,15.0,0.018598811887204615,0.03032238362551058,-0.0442477874457836,0.0,0.0129449842497706,0.03252247348427765,0.0950413197278976,15.0,0.08814485470453896,0.053051513594675276,0.0,0.0692932046949863,0.1000000014901161,0.12685194611549375,0.1554029583930969,15.0,0.0,0.0,0.0,0.0,0.0,0.0,0.0,15.0,2.4,2.210688322026164,0.0,0.6499999999999999,2.4,3.3499999999999996,7.2,15.0,3.733333333333334,2.936875566863209,0.0,1.25,3.4,5.75,10.2
FB,2023,12.0,11447.5,3.605551275463989,11442.0,11444.75,11447.5,11450.25,11453.0,12.0,11.583333333333334,6.598323937779865,3.0,5.75,11.0,16.25,22.0,12.0,0.0,0.0,0.0,0.0,0.0,0.0,0.0,12.0,0.0,0.0,0.0,0.0,0.0,0.0,0.0,12.0,0.0,0.0,0.0,0.0,0.0,0.0,0.0,12.0,0.0,0.0,0.0,0.0,0.0,0.0,0.0,12.0,0.0,0.0,0.0,0.0,0.0,0.0,0.0,12.0,0.0,0.0,0.0,0.0,0.0,0.0,0.0,12.0,0.0,0.0,0.0,0.0,0.0,0.0,0.0,12.0,0.0,0.0,0.0,0.0,0.0,0.0,0.0,12.0,0.0,0.0,0.0,0.0,0.0,0.0,0.0,12.0,0.0,0.0,0.0,0.0,0.0,0.0,0.0,12.0,0.0,0.0,0.0,0.0,0.0,0.0,0.0,12.0,0.0,0.0,0.0,0.0,0.0,0.0,0.0,12.0,0.0,0.0,0.0,0.0,0.0,0.0,0.0,12.0,0.0,0.0,0.0,0.0,0.0,0.0,0.0,12.0,0.0,0.0,0.0,0.0,0.0,0.0,0.0,12.0,0.0,0.0,0.0,0.0,0.0,0.0,0.0,12.0,0.5833333333333334,0.7929614610987591,0.0,0.0,0.0,1.0,2.0,12.0,0.9166666666666666,1.378954368902449,0.0,0.0,0.0,2.25,3.0,12.0,0.0,0.0,0.0,0.0,0.0,0.0,0.0,12.0,0.0,0.0,0.0,0.0,0.0,0.0,0.0,12.0,0.0,0.0,0.0,0.0,0.0,0.0,0.0,12.0,0.25,0.45226701686664544,0.0,0.0,0.0,0.25,1.0,12.0,-0.15583024236063164,0.4920719088215908,-1.6120240688323977,-0.014823354780673976,0.0,0.0,0.239486888051033,12.0,0.0,0.0,0.0,0.0,0.0,0.0,0.0,12.0,1.5,1.243163121016122,0.0,0.75,1.5,2.0,4.0,12.0,1.8333333333333333,1.2673044646258478,0.0,1.0,2.0,3.0,4.0,12.0,15.25,13.27420601974165,0.0,3.0,16.0,26.0,33.0,12.0,0.16666666666666666,0.38924947208076144,0.0,0.0,0.0,0.0,1.0,12.0,0.0,0.0,0.0,0.0,0.0,0.0,0.0,12.0,0.0,0.0,0.0,0.0,0.0,0.0,0.0,12.0,9.833333333333334,10.425783888848343,0.0,2.75,7.0,13.0,32.0,12.0,6.75,8.986100377805714,0.0,0.0,2.0,12.0,24.0,12.0,1.0,1.2060453783110545,0.0,0.0,0.5,2.0,3.0,12.0,1.142975350220998,1.653993497388911,-1.1561442613601685,-0.07097859680652617,1.0006809532642365,2.421063542366028,3.6396000385284415,12.0,0.0,0.0,0.0,0.0,0.0,0.0,0.0,12.0,2.1772963851690292,3.6207344941281265,0.0,0.4166666865348816,1.015625,1.9230768978595734,13.0,12.0,0.0651060796032349,0.048096164545444325,0.0,0.039583334699273096,0.05083655193448065,0.10277777910232543,0.1599999964237213,12.0,0.04191154924531773,0.046739241085237734,0.0,0.010765190701931625,0.0268947938457131,0.049422001466155024,0.149732619524002,12.0,0.1269972010826071,0.09315891789189736,0.0,0.0788339553400874,0.10054384544491765,0.21931070461869234,0.2714794874191284,12.0,0.0,0.0,0.0,0.0,0.0,0.0,0.0,12.0,2.6166666666666667,3.064409577815286,0.0,0.45,1.5999999999999999,3.375,8.6,12.0,4.116666666666666,4.104284531456306,0.0,1.2,3.25,5.375,12.6
QB,2021,436.0,2725.559633027523,1930.646588997619,0.0,862.75,3197.5,4548.25,5697.0,436.0,9.637614678899082,5.745711668107391,1.0,4.0,9.0,15.0,22.0,436.0,20.788990825688074,7.873509660978695,0.0,16.0,21.0,26.0,42.0,436.0,31.912844036697248,11.243868119275746,0.0,26.0,33.0,39.0,64.0,436.0,232.63073394495413,93.41364625217642,0.0,181.0,238.0,295.25,525.0,436.0,1.518348623853211,1.251071458959635,0.0,0.75,1.0,2.0,5.0,436.0,0.7178899082568807,0.8844771930882813,0.0,0.0,0.0,1.0,4.0,436.0,2.110091743119266,1.6179422125212335,0.0,1.0,2.0,3.0,9.0,436.0,14.639908256880734,12.850194828017225,-0.0,5.0,13.0,21.0,79.0,436.0,0.33256880733944955,0.535579014069948,0.0,0.0,0.0,1.0,3.0,436.0,0.12844036697247707,0.3549561716494713,0.0,0.0,0.0,0.0,2.0,436.0,252.13532110091742,105.8365799055485,-10.0,193.75,254.0,324.0,629.0,436.0,110.4197247706422,52.72941534118243,0.0,76.0,108.0,143.25,277.0,436.0,11.192660550458715,4.766216483948819,0.0,8.0,11.0,14.0,26.0,436.0,2.142566135623108,10.632676780169202,-25.4892635345459,-4.946536421775818,1.8447340130805974,10.005121231079102,32.462337493896484,436.0,0.08486238532110092,0.29501642947867013,0.0,0.0,0.0,0.0,2.0,436.0,0.9646118160918218,0.38359332321347883,0.0,0.736476719379425,0.9317595362663269,1.1423905789852142,3.1111111640930176,436.0,0.10336548308259805,0.11197395552785401,-0.1741157323122024,0.010134358191862624,0.08829882740974421,0.1876817904412746,0.4389309585094452,436.0,3.6788990825688073,3.2825018043467065,0.0,1.0,3.0,5.0,21.0,436.0,17.428899082568808,22.207837276203733,-5.0,1.0,10.0,25.25,120.0,436.0,0.17889908256880735,0.46988839848802305,0.0,0.0,0.0,0.0,3.0,436.0,0.1651376146788991,0.4344638438275131,0.0,0.0,0.0,0.0,4.0,436.0,0.04357798165137615,0.20438873458295753,0.0,0.0,0.0,0.0,1.0,436.0,1.3004587155963303,1.5414874949678492,0.0,0.0,1.0,2.0,8.0,436.0,0.4843475678999729,2.7032590929854385,-10.575331687927246,-0.6677074730396271,0.00331103545613585,1.55946010351181,11.060697555541992,436.0,0.01834862385321101,0.13436278741444757,0.0,0.0,0.0,0.0,1.0,436.0,0.016055045871559634,0.14293809188740308,0.0,0.0,0.0,0.0,2.0,436.0,0.027522935779816515,0.2015441811216713,0.0,0.0,0.0,0.0,2.0,436.0,0.14908256880733944,1.7189342013494928,-4.0,0.0,0.0,0.0,26.0,436.0,0.0,0.0,0.0,0.0,0.0,0.0,0.0,436.0,0.0,0.0,0.0,0.0,0.0,0.0,0.0,436.0,0.0,0.0,0.0,0.0,0.0,0.0,0.0,436.0,0.08944954128440367,1.1837127135638372,-5.0,0.0,0.0,0.0,15.0,436.0,0.1353211009174312,1.6181556515827302,0.0,0.0,0.0,0.0,30.0,436.0,0.011467889908256881,0.1263334444890062,0.0,0.0,0.0,0.0,2.0,436.0,-0.025879824927093786,0.3331806450869564,-4.803163051605225,0.0,0.0,0.0,1.5081533193588257,436.0,0.0045871559633027525,0.06765065245199205,0.0,0.0,0.0,0.0,1.0,436.0,0.008805281251942345,0.11279511926939095,0.0,0.0,0.0,0.0,1.875,436.0,0.0009569125207260651,0.007053668814092762,0.0,0.0,0.0,0.0,0.0769230797886848,436.0,0.00039450474801140044,0.005428091950872396,-0.0224215239286422,0.0,0.0,0.0,0.0720720738172531,436.0,0.0017115220581309495,0.01275254596764723,0.0,0.0,0.0,0.0,0.1378446072340011,436.0,0.0,0.0,0.0,0.0,0.0,0.0,0.0,436.0,16.64559633027523,8.893670427138687,-4.32,10.114999999999998,16.64,22.675,42.82,436.0,16.66165137614679,8.887010643980798,-4.32,10.114999999999998,16.67,22.675,42.82
QB,2022,462.0,8069.045454545455,1785.1399648884026,5698.0,6185.25,8224.5,9727.75,11228.0,462.0,9.958874458874458,5.6733610139508475,1.0,5.0,10.0,15.0,22.0,462.0,19.98917748917749,8.354268900776235,0.0,16.0,21.0,25.0,43.0,462.0,30.89177489177489,12.214690911617577,0.0,26.0,32.0,38.75,68.0,462.0,220.65584415584416,92.94376205552597,0.0,174.0,229.0,279.75,481.0,462.0,1.3852813852813852,1.1230380949607188,0.0,1.0,1.0,2.0,6.0,462.0,0.6385281385281385,0.8339777395945653,0.0,0.0,0.0,1.0,4.0,462.0,2.106060606060606,1.7060585103010286,0.0,1.0,2.0,3.0,7.0,462.0,13.746753246753247,11.896459500826955,-0.0,3.0,12.0,21.0,61.0,462.0,0.2748917748917749,0.5512532449843144,0.0,0.0,0.0,0.0,3.0,462.0,0.13203463203463203,0.3753404454506323,0.0,0.0,0.0,0.0,3.0,462.0,239.49134199134198,108.82720751835396,-3.0,175.25,243.0,308.75,608.0,462.0,103.39393939393939,50.415546594880105,0.0,72.25,102.5,134.0,280.0,462.0,10.627705627705629,4.826258025102952,0.0,8.0,11.0,14.0,23.0,462.0,1.7746600148255949,9.298691825854387,-26.995166778564453,-3.9078369140625,1.1552512049674988,7.486251354217529,33.18852615356445,462.0,0.07142857142857142,0.25781855237705176,0.0,0.0,0.0,0.0,1.0,462.0,0.9667129770517995,0.44595484819256936,0.0,0.7258177101612091,0.9420712292194366,1.1602090895175934,4.5,462.0,0.09580853493805207,0.09979250322266764,-0.1210004016757011,0.01474981103092425,0.07982061430811879,0.16126691922545427,0.440067857503891,462.0,4.170995670995671,3.5572453154448787,0.0,2.0,3.0,6.0,18.0,462.0,20.3008658008658,26.59102892340533,-5.0,1.0,10.0,29.0,178.0,462.0,0.21428571428571427,0.49681352159553904,0.0,0.0,0.0,0.0,3.0,462.0,0.18614718614718614,0.4217290666069062,0.0,0.0,0.0,0.0,2.0,462.0,0.05411255411255411,0.22648491039355945,0.0,0.0,0.0,0.0,1.0,462.0,1.603896103896104,1.8806659796846275,0.0,0.0,1.0,2.0,12.0,462.0,0.6745434953948055,3.2223031085393004,-7.825522422790527,-0.9092627465724945,0.0,2.1051459312438965,17.356536865234375,462.0,0.017316017316017316,0.13058745842615824,0.0,0.0,0.0,0.0,1.0,462.0,0.03463203463203463,0.194534247975339,0.0,0.0,0.0,0.0,2.0,462.0,0.045454545454545456,0.25529301163677365,0.0,0.0,0.0,0.0,3.0,462.0,0.170995670995671,1.9189043228923788,-8.0,0.0,0.0,0.0,35.0,462.0,0.006493506493506494,0.08040730749590326,0.0,0.0,0.0,0.0,1.0,462.0,0.0,0.0,0.0,0.0,0.0,0.0,0.0,462.0,0.0,0.0,0.0,0.0,0.0,0.0,0.0,462.0,0.12554112554112554,2.8531364234089254,-9.0,0.0,0.0,0.0,55.0,462.0,0.15584415584415584,1.1282020910751476,0.0,0.0,0.0,0.0,15.0,462.0,0.012987012987012988,0.11334088412035709,0.0,0.0,0.0,0.0,1.0,462.0,-0.013523583917261718,0.31478957375655525,-4.726016521453857,0.0,0.0,0.0,1.826417088508606,462.0,0.0,0.0,0.0,0.0,0.0,0.0,0.0,462.0,0.013330272394857364,0.12204591988756272,0.0,0.0,0.0,0.0,1.600000023841858,462.0,0.0014840467587048853,0.00861333882648084,0.0,0.0,0.0,0.0,0.1071428582072258,462.0,0.0006782210833147106,0.013477258017057826,-0.0305676851421594,0.0,0.0,0.0,0.2669903039932251,462.0,0.0027008248529360648,0.020254940666815473,0.0,0.0,0.0,0.0,0.3476074934005737,462.0,0.0,0.0,0.0,0.0,0.0,0.0,0.0,462.0,16.267359307359307,8.452556760423953,-1.96,10.684999999999999,16.11,21.065,42.72,462.0,16.301991341991343,8.445497763215116,-1.96,10.684999999999999,16.11,21.065,42.72
QB,2023,543.0,13720.281767955801,1693.6197745525826,11329.0,12183.5,13476.0,15031.5,16965.0,543.0,9.751381215469614,5.640430694621405,1.0,5.0,10.0,15.0,22.0,543.0,19.441988950276244,8.212572785451295,0.0,16.0,21.0,25.0,41.0,543.0,29.891344383057092,11.849657017674902,0.0,25.0,32.0,38.0,60.0,543.0,214.20441988950276,96.90905986793791,0.0,163.5,227.0,279.0,470.0,543.0,1.3112338858195212,1.110501260855902,0.0,0.0,1.0,2.0,5.0,543.0,0.6243093922651933,0.8187821890487753,0.0,0.0,0.0,1.0,4.0,543.0,2.160220994475138,1.752731538984308,0.0,1.0,2.0,3.0,10.0,543.0,14.423572744014733,12.741437923110594,-0.0,4.0,12.0,22.0,61.0,543.0,0.283609576427256,0.537048317433987,0.0,0.0,0.0,0.0,3.0,543.0,0.13443830570902393,0.3822298232633844,0.0,0.0,0.0,0.0,3.0,543.0,233.19705340699815,111.7225404426613,-10.0,167.5,238.0,304.5,546.0,543.0,102.20810313075506,51.769099267953024,0.0,70.0,107.0,136.5,257.0,543.0,10.058931860036832,4.7989301891456,0.0,7.0,11.0,13.0,25.0,543.0,1.091755824846183,9.92760511874489,-31.29169654846192,-4.974144697189331,0.7482287287712097,7.65004825592041,28.995927810668945,543.0,0.06629834254143646,0.2634334034627696,0.0,0.0,0.0,0.0,2.0,543.0,0.9351385159908517,0.4441917738006136,0.0,0.7170480787754059,0.9090909361839294,1.1592933535575867,3.5,543.0,0.09611981758358693,0.10786285463000914,-0.1730097532272339,0.00425075541716065,0.0792675539851188,0.16980219632387156,0.5284702181816101,543.0,3.8011049723756907,3.180463697370068,0.0,2.0,3.0,5.0,18.0,543.0,16.421731123388582,20.034031174872517,-6.0,1.0,9.0,25.0,104.0,543.0,0.18968692449355432,0.4655319672202892,0.0,0.0,0.0,0.0,2.0,543.0,0.16206261510128914,0.397729928095827,0.0,0.0,0.0,0.0,2.0,543.0,0.06445672191528545,0.2457911945441366,0.0,0.0,0.0,0.0,1.0,543.0,1.3186003683241252,1.5522166843591187,0.0,0.0,1.0,2.0,8.0,543.0,0.2834587686834085,2.803143336017199,-9.937740325927734,-1.0852227807044983,0.0,1.6699745059013367,15.164795875549316,543.0,0.01841620626151013,0.13457489401257622,0.0,0.0,0.0,0.0,1.0,543.0,0.0718232044198895,0.47482545837194323,0.0,0.0,0.0,0.0,7.0,543.0,0.0847145488029466,0.5602172923761286,0.0,0.0,0.0,0.0,8.0,543.0,0.569060773480663,4.463703602865378,-7.0,0.0,0.0,0.0,55.0,543.0,0.003683241252302026,0.060633700235389304,0.0,0.0,0.0,0.0,1.0,543.0,0.0,0.0,0.0,0.0,0.0,0.0,0.0,543.0,0.0,0.0,0.0,0.0,0.0,0.0,0.0,543.0,0.3425414364640884,3.837157449600101,-8.0,0.0,0.0,0.0,60.0,543.0,0.32044198895027626,2.0859055631325876,0.0,0.0,0.0,0.0,21.0,543.0,0.02394106813996317,0.1856909214039445,0.0,0.0,0.0,0.0,2.0,543.0,0.01527810106002494,0.3220267032475619,-2.102857112884521,0.0,0.0,0.0,4.543028831481934,543.0,0.001841620626151013,0.04291410754228744,0.0,0.0,0.0,0.0,1.0,543.0,0.06127341335869187,0.6664898145592001,0.0,0.0,0.0,0.0,14.0,543.0,0.0023983322138834604,0.015051998502798272,0.0,0.0,0.0,0.0,0.1739130467176437,543.0,0.0010684994653958142,0.012723807284146297,-0.0625,0.0,0.0,0.0,0.1533742398023605,543.0,0.004345447896991755,0.029154864246274777,0.0,0.0,0.0,0.0,0.3489198684692383,543.0,0.0,0.0,0.0,0.0,0.0,0.0,0.0,543.0,15.199116022099446,8.40080276164246,-2.0,9.01,15.26,20.97,40.8,543.0,15.270939226519335,8.365309872552686,-2.0,9.14,15.34,20.97,40.8
RB,2021,603.0,3544.7744610281925,1316.0505595506281,712.0,2509.5,3667.0,4698.5,5643.0,603.0,9.898839137645108,5.740343500232229,1.0,5.0,10.0,15.0,22.0,603.0,0.004975124378109453,0.07041729706322507,0.0,0.0,0.0,0.0,1.0,603.0,0.009950248756218905,0.09933582180726179,0.0,0.0,0.0,0.0,1.0,603.0,0.024875621890547265,0.3567732505086034,0.0,0.0,0.0,0.0,6.0,603.0,0.003316749585406302,0.057543375245113826,0.0,0.0,0.0,0.0,1.0,603.0,0.001658374792703151,0.040723148118768406,0.0,0.0,0.0,0.0,1.0,603.0,0.0,0.0,0.0,0.0,0.0,0.0,0.0,603.0,0.0,0.0,0.0,0.0,0.0,0.0,0.0,603.0,0.0,0.0,0.0,0.0,0.0,0.0,0.0,603.0,0.0,0.0,0.0,0.0,0.0,0.0,0.0,603.0,0.03648424543946932,1.019084784666821,-12.0,0.0,0.0,0.0,18.0,603.0,0.013266998341625208,0.3257851849501473,0.0,0.0,0.0,0.0,8.0,603.0,0.003316749585406302,0.057543375245113826,0.0,0.0,0.0,0.0,1.0,603.0,-0.004310909393019541,0.16500889286196446,-3.1767499446868896,0.0,0.0,0.0,1.8504546880722048,603.0,0.0,0.0,0.0,0.0,0.0,0.0,0.0,603.0,0.003316749585406302,0.057543375245113826,0.0,0.0,0.0,0.0,1.0,603.0,0.0,0.0,0.0,0.0,0.0,0.0,0.0,603.0,11.777777777777779,7.303144344230196,0.0,6.0,11.0,16.0,35.0,603.0,51.28689883913764,39.07258273728747,-2.0,21.5,46.0,71.0,205.0,603.0,0.3781094527363184,0.6284916351937422,0.0,0.0,0.0,1.0,4.0,603.0,0.07296849087893864,0.2787888685453477,0.0,0.0,0.0,0.0,2.0,603.0,0.04311774461028192,0.2113040457124275,0.0,0.0,0.0,0.0,2.0,603.0,2.6865671641791047,2.2448764825656884,0.0,1.0,2.0,4.0,14.0,603.0,-0.6284054464554015,3.1341809123691324,-15.232213020324709,-2.3909151554107666,-0.5763680338859558,0.9860082566738129,12.391160011291504,603.0,0.01658374792703151,0.12781165103677747,0.0,0.0,0.0,0.0,1.0,603.0,2.51575456053068,2.145303272814925,0.0,1.0,2.0,4.0,14.0,603.0,3.2354892205638475,2.5584725154719052,0.0,1.0,3.0,5.0,19.0,603.0,19.718076285240464,21.963200609446297,-11.0,2.0,13.0,29.0,129.0,603.0,0.1077943615257048,0.34581831906659,0.0,0.0,0.0,0.0,3.0,603.0,0.03980099502487562,0.21965230800282615,0.0,0.0,0.0,0.0,2.0,603.0,0.01658374792703151,0.14020726542144527,0.0,0.0,0.0,0.0,2.0,603.0,1.5240464344941957,10.492554022327523,-31.0,-3.0,0.0,4.0,60.0,603.0,20.199004975124378,21.528476058474446,-1.0,3.0,14.0,30.0,118.0,603.0,0.9353233830845771,1.141542358702234,0.0,0.0,1.0,2.0,6.0,603.0,0.19909868203180767,2.3743182052724374,-9.85872745513916,-0.7489288151264191,0.0,1.1082835793495178,10.642440795898438,603.0,0.003316749585406302,0.05754337524511383,0.0,0.0,0.0,0.0,1.0,603.0,0.4571320602568376,9.638082209835723,-37.0,-2.0,0.0,2.225000023841858,102.0,603.0,0.09772170581862599,0.0726104373928571,0.0,0.0384615398943424,0.0857142880558967,0.1428571492433548,0.3703703582286834,603.0,0.0052390145705503155,0.04954563001390604,-0.1447368413209915,-0.014807560481131049,0.0,0.0168162854388356,0.304347813129425,603.0,0.15024986726604092,0.11987487959497309,0.0,0.05626783333718775,0.1249815225601196,0.21906125545501703,0.6722981333732605,603.0,0.001658374792703151,0.040723148118768406,0.0,0.0,0.0,0.0,1.0,603.0,9.95721393034826,7.6503941356574545,-0.9,3.7,8.2,14.6,50.4,603.0,12.472968490878939,8.684039335474514,-0.1,5.65,10.8,18.15,53.4
RB,2022,840.0,8799.12619047619,1477.600081464371,6112.0,7535.75,8665.5,10262.25,11270.0,840.0,10.040476190476191,5.665551951470207,1.0,5.0,10.0,15.0,22.0,840.0,0.004761904761904762,0.08443143914039776,0.0,0.0,0.0,0.0,2.0,840.0,0.005952380952380952,0.09114709388545593,0.0,0.0,0.0,0.0,2.0,840.0,0.05,1.1888937777528739,0.0,0.0,0.0,0.0,34.0,840.0,0.002380952380952381,0.04876591571420238,0.0,0.0,0.0,0.0,1.0,840.0,0.0,0.0,0.0,0.0,0.0,0.0,0.0,840.0,0.0011904761904761906,0.03450327796711771,0.0,0.0,0.0,0.0,1.0,840.0,0.005952380952380952,0.17251638983558854,0.0,0.0,0.0,0.0,5.0,840.0,0.0011904761904761906,0.03450327796711771,0.0,0.0,0.0,0.0,1.0,840.0,0.0011904761904761906,0.03450327796711771,0.0,0.0,0.0,0.0,1.0,840.0,0.07738095238095238,1.7241087376748785,-4.0,0.0,0.0,0.0,39.0,840.0,0.01904761904761905,0.34123668746422786,0.0,0.0,0.0,0.0,8.0,840.0,0.002380952380952381,0.04876591571420238,0.0,0.0,0.0,0.0,1.0,840.0,-0.0038719309050412407,0.27219681651126876,-6.887892246246338,0.0,0.0,0.0,3.771136283874512,840.0,0.0,0.0,0.0,0.0,0.0,0.0,0.0,840.0,0.0013056835957935878,0.03784230579592841,0.0,0.0,0.0,0.0,1.0967742204666138,840.0,0.0,0.0,0.0,0.0,0.0,0.0,0.0,840.0,10.558333333333334,6.812064393059764,0.0,5.0,10.0,15.0,35.0,840.0,47.608333333333334,38.86890257271219,-8.0,17.0,39.5,69.0,229.0,840.0,0.32857142857142857,0.6071821683770828,0.0,0.0,0.0,1.0,4.0,840.0,0.0761904761904762,0.27429356554591683,0.0,0.0,0.0,0.0,2.0,840.0,0.047619047619047616,0.21308572951525634,0.0,0.0,0.0,0.0,1.0,840.0,2.3845238095238095,2.0962532014367303,0.0,1.0,2.0,4.0,12.0,840.0,-0.43503516348788424,3.0498584723933244,-11.626265525817873,-1.852271676063538,-0.36017996072769165,1.0345742106437683,11.571975708007812,840.0,0.005952380952380952,0.07696754184267578,0.0,0.0,0.0,0.0,1.0,840.0,2.0976190476190477,2.0633573778593646,0.0,0.0,2.0,3.0,12.0,840.0,2.717857142857143,2.513878555294851,0.0,1.0,2.0,4.0,16.0,840.0,15.35,18.734933557375772,-17.0,0.0,10.0,23.0,112.0,840.0,0.08333333333333333,0.3129441619049655,0.0,0.0,0.0,0.0,3.0,840.0,0.025,0.1562179645347646,0.0,0.0,0.0,0.0,1.0,840.0,0.015476190476190477,0.12351047942013105,0.0,0.0,0.0,0.0,1.0,840.0,0.8,8.996516343398932,-28.0,-3.0,0.0,3.0,72.0,840.0,16.169047619047618,19.24126956299461,-4.0,0.0,10.0,24.0,130.0,840.0,0.6916666666666667,0.9976979860432652,0.0,0.0,0.0,1.0,7.0,840.0,0.08755503086472995,2.1083079763561114,-9.968758583068848,-0.7680908590555191,0.0,0.8456336557865143,10.836445808410645,840.0,0.0035714285714285713,0.05969015861015532,0.0,0.0,0.0,0.0,1.0,840.0,0.33337026964873073,8.642091310420945,-49.0,-1.399999976158142,0.0,1.6749999821186066,96.0,840.0,0.08416805262677368,0.0726323756995862,0.0,0.0294117648154497,0.0740740746259689,0.125,0.380952388048172,840.0,0.001074793184220434,0.05016573119184566,-0.8421052694320679,-0.0124223604798316,0.0,0.011350294575095125,0.2679738700389862,840.0,0.12700443318823262,0.11395213169271082,-0.0390977449715137,0.03878682665526865,0.10577724128961555,0.18906639888882637,0.5470588207244873,840.0,0.0035714285714285713,0.07711488352688844,0.0,0.0,0.0,0.0,2.0,840.0,8.690690476190477,7.373737664902591,-1.8,2.9,6.85,12.8,51.1,840.0,10.788309523809524,8.363297135364894,-1.8,4.2,9.2,15.625,55.1
RB,2023,1045.0,14394.067942583732,1507.6744100121343,11587.0,13117.0,14448.0,15482.0,16981.0,1045.0,10.032535885167464,5.618532363477901,1.0,5.0,10.0,15.0,22.0,1045.0,0.004784688995215311,0.06903880686593006,0.0,0.0,0.0,0.0,1.0,1045.0,0.005741626794258373,0.07559185525995638,0.0,0.0,0.0,0.0,1.0,1045.0,0.03923444976076555,0.6832642154277567,0.0,0.0,0.0,0.0,17.0,1045.0,0.003827751196172249,0.06177986655153746,0.0,0.0,0.0,0.0,1.0,1045.0,0.0,0.0,0.0,0.0,0.0,0.0,0.0,1045.0,0.0019138755980861245,0.04372690686421476,0.0,0.0,0.0,0.0,1.0,1045.0,0.010526315789473684,0.24929826902912,0.0,0.0,0.0,0.0,7.0,1045.0,0.0,0.0,0.0,0.0,0.0,0.0,0.0,1045.0,0.0,0.0,0.0,0.0,0.0,0.0,0.0,1045.0,0.044976076555023926,0.7883770882865423,-3.0,0.0,0.0,0.0,17.0,1045.0,0.0066985645933014355,0.21654087871141106,0.0,0.0,0.0,0.0,7.0,1045.0,0.004784688995215311,0.06903880686593006,0.0,0.0,0.0,0.0,1.0,1045.0,0.005846279118049658,0.14847704196829306,-1.5187925100326538,0.0,0.0,0.0,3.1021673679351807,1045.0,0.0,0.0,0.0,0.0,0.0,0.0,0.0,1045.0,0.003827751196172249,0.06177986655153745,0.0,0.0,0.0,0.0,1.0,1045.0,0.0,0.0,0.0,0.0,0.0,0.0,0.0,1045.0,9.850717703349282,6.731346580236312,0.0,4.0,9.0,14.0,37.0,1045.0,41.09952153110048,34.8456043084001,-6.0,13.0,34.0,62.0,188.0,1045.0,0.2813397129186603,0.5530186444186399,0.0,0.0,0.0,0.0,3.0,1045.0,0.0660287081339713,0.2597597238171891,0.0,0.0,0.0,0.0,2.0,1045.0,0.03732057416267943,0.18963692272192179,0.0,0.0,0.0,0.0,1.0,1045.0,2.1435406698564594,2.0319452817175434,0.0,1.0,2.0,3.0,11.0,1045.0,-0.8046528523052602,2.8992852580329758,-10.843341827392578,-2.2007317543029785,-0.6859206557273865,0.6309064626693726,10.26837158203125,1045.0,0.012440191387559809,0.11921790760710495,0.0,0.0,0.0,0.0,2.0,1045.0,2.094736842105263,1.9222485069428565,0.0,1.0,2.0,3.0,13.0,1045.0,2.676555023923445,2.3231872177552755,0.0,1.0,2.0,4.0,16.0,1045.0,14.754066985645933,17.734574410359595,-11.0,0.0,9.0,22.0,103.0,1045.0,0.0784688995215311,0.2862854158171728,0.0,0.0,0.0,0.0,2.0,1045.0,0.023923444976076555,0.15288387986885,0.0,0.0,0.0,0.0,1.0,1045.0,0.012440191387559809,0.11089274404556719,0.0,0.0,0.0,0.0,1.0,1045.0,-0.49760765550239233,8.649034009088114,-31.0,-5.0,0.0,3.0,50.0,1045.0,16.37129186602871,18.284415897391796,-1.0,0.0,11.0,24.0,119.0,1045.0,0.6641148325358852,0.9352117316252188,0.0,0.0,0.0,1.0,7.0,1045.0,-0.10410570086416694,2.15668663857252,-11.47767448425293,-0.8775113224983215,0.0,0.7381065487861633,8.4039945602417,1045.0,0.005741626794258373,0.07559185525995638,0.0,0.0,0.0,0.0,1.0,1045.0,-0.011068577207090181,7.6700948236507145,-86.0,-1.6666666269302368,0.0,1.1875,54.0,1045.0,0.08437280236213113,0.07123725736754684,0.0,0.03125,0.0714285746216774,0.125,0.4166666567325592,1045.0,-0.006217940595183678,0.06988132175480187,-1.7999999523162842,-0.0229007638990879,0.0,0.0098039219155907,0.239130437374115,1045.0,0.12220664388682853,0.11138973953702601,-0.6349999904632568,0.0415996611118316,0.0991699770092964,0.1819881945848465,0.6638512015342712,1045.0,0.0009569377990430622,0.030934411244487297,0.0,0.0,0.0,0.0,1.0,1045.0,7.703674641148326,6.916906400039962,-1.1,2.3,5.6,11.8,41.7,1045.0,9.798411483253588,7.870713317453412,-1.1,3.6,7.8,14.0,48.7
TE,2021,478.0,3153.776150627615,1428.89763630132,516.0,2360.25,2922.5,4107.75,5672.0,478.0,9.784518828451883,5.526912513087004,1.0,5.0,10.0,15.0,21.0,478.0,0.0020920502092050207,0.045738935374634825,0.0,0.0,0.0,0.0,1.0,478.0,0.0041841004184100415,0.06461678357377178,0.0,0.0,0.0,0.0,1.0,478.0,0.0041841004184100415,0.09147787074926965,0.0,0.0,0.0,0.0,2.0,478.0,0.0020920502092050207,0.045738935374634825,0.0,0.0,0.0,0.0,1.0,478.0,0.0,0.0,0.0,0.0,0.0,0.0,0.0,478.0,0.0,0.0,0.0,0.0,0.0,0.0,0.0,478.0,0.0,0.0,0.0,0.0,0.0,0.0,0.0,478.0,0.0,0.0,0.0,0.0,0.0,0.0,0.0,478.0,0.0,0.0,0.0,0.0,0.0,0.0,0.0,478.0,0.06276150627615062,1.2837617963275334,0.0,0.0,0.0,0.0,28.0,478.0,0.0,0.0,0.0,0.0,0.0,0.0,0.0,478.0,0.0020920502092050207,0.045738935374634825,0.0,0.0,0.0,0.0,1.0,478.0,0.00024182452317561066,0.041883527476926925,-0.5864534378051758,0.0,0.0,0.0,0.7020455598831177,478.0,0.0020920502092050207,0.045738935374634825,0.0,0.0,0.0,0.0,1.0,478.0,0.0020920502092050207,0.045738935374634825,0.0,0.0,0.0,0.0,1.0,478.0,0.0,0.0,0.0,0.0,0.0,0.0,0.0,478.0,0.05439330543933055,0.22702974093157458,0.0,0.0,0.0,0.0,1.0,478.0,0.20711297071129708,1.3067281270839513,-5.0,0.0,0.0,0.0,13.0,478.0,0.0041841004184100415,0.06461678357377178,0.0,0.0,0.0,0.0,1.0,478.0,0.0,0.0,0.0,0.0,0.0,0.0,0.0,478.0,0.0,0.0,0.0,0.0,0.0,0.0,0.0,478.0,0.014644351464435146,0.12025034630152723,0.0,0.0,0.0,0.0,1.0,478.0,0.001896618315989004,0.18310411962363393,-1.5244979858398438,0.0,0.0,0.0,1.4095001220703125,478.0,0.0,0.0,0.0,0.0,0.0,0.0,0.0,478.0,3.3410041841004183,2.3100438423202223,0.0,2.0,3.0,5.0,13.0,478.0,4.849372384937238,3.009821383821015,0.0,2.0,4.0,7.0,19.0,478.0,36.76778242677824,31.995126196237287,0.0,12.0,28.5,51.75,191.0,478.0,0.25732217573221755,0.5167008963807043,0.0,0.0,0.0,0.0,2.0,478.0,0.0397489539748954,0.21595077606330035,0.0,0.0,0.0,0.0,2.0,478.0,0.01882845188284519,0.150683585159738,0.0,0.0,0.0,0.0,2.0,478.0,36.50836820083682,32.9095535353109,-7.0,11.0,28.0,55.0,203.0,478.0,15.922594142259415,15.613930778201388,-1.0,4.0,12.0,23.0,108.0,478.0,1.889121338912134,1.7077474411552218,0.0,1.0,1.5,3.0,10.0,478.0,1.1184436096595483,3.54147939425169,-12.771430015563965,-0.7531817406415939,0.9581549167633057,2.8030394911766052,16.070865631103516,478.0,0.01882845188284519,0.150683585159738,0.0,0.0,0.0,0.0,2.0,478.0,1.4899937432789279,2.126838346807599,0.0,0.5977611839771271,1.0521317720413208,1.5625,25.0,478.0,0.14789815744673482,0.08379631083360756,0.0,0.0833333358168602,0.1388888955116272,0.2000000029802322,0.46875,478.0,0.14504185226837477,0.12453017686280383,-0.0560000017285347,0.04626413062214847,0.1123391985893249,0.2176873199641704,0.6690647602081299,478.0,0.3233765293941463,0.20042831461131871,0.0,0.17154145613312718,0.28744722902774805,0.45645790547132487,1.171470284461975,478.0,0.0,0.0,0.0,0.0,0.0,0.0,0.0,478.0,5.279246861924685,5.261975565600581,-3.3,1.3,3.8,7.8,31.1,478.0,8.620251046025103,7.120211049370483,-0.3,3.1,7.25,12.0,41.7
TE,2022,639.0,8748.08607198748,1580.2433854178298,5977.0,7456.5,8605.0,10179.5,11310.0,639.0,9.985915492957746,5.6004468640892275,1.0,5.0,10.0,15.0,22.0,639.0,0.0,0.0,0.0,0.0,0.0,0.0,0.0,639.0,0.0,0.0,0.0,0.0,0.0,0.0,0.0,639.0,0.0,0.0,0.0,0.0,0.0,0.0,0.0,639.0,0.0,0.0,0.0,0.0,0.0,0.0,0.0,639.0,0.0,0.0,0.0,0.0,0.0,0.0,0.0,639.0,0.0,0.0,0.0,0.0,0.0,0.0,0.0,639.0,0.0,0.0,0.0,0.0,0.0,0.0,0.0,639.0,0.0,0.0,0.0,0.0,0.0,0.0,0.0,639.0,0.0,0.0,0.0,0.0,0.0,0.0,0.0,639.0,0.0,0.0,0.0,0.0,0.0,0.0,0.0,639.0,0.0,0.0,0.0,0.0,0.0,0.0,0.0,639.0,0.0,0.0,0.0,0.0,0.0,0.0,0.0,639.0,0.0,0.0,0.0,0.0,0.0,0.0,0.0,639.0,0.0,0.0,0.0,0.0,0.0,0.0,0.0,639.0,0.0,0.0,0.0,0.0,0.0,0.0,0.0,639.0,0.0,0.0,0.0,0.0,0.0,0.0,0.0,639.0,0.03755868544600939,0.19834183922456697,0.0,0.0,0.0,0.0,2.0,639.0,0.06885758998435054,0.8237941372867608,-6.0,0.0,0.0,0.0,13.0,639.0,0.003129890453834116,0.055901562316483765,0.0,0.0,0.0,0.0,1.0,639.0,0.001564945226917058,0.03955938860646178,0.0,0.0,0.0,0.0,1.0,639.0,0.0,0.0,0.0,0.0,0.0,0.0,0.0,639.0,0.017214397496087636,0.13017134613084297,0.0,0.0,0.0,0.0,1.0,639.0,-0.00033307763425770244,0.22069600030640965,-2.427287101745605,0.0,0.0,0.0,1.936824917793274,639.0,0.0,0.0,0.0,0.0,0.0,0.0,0.0,639.0,3.059467918622848,2.2275491610815243,0.0,1.0,3.0,4.0,14.0,639.0,4.424100156494522,2.8898451698906666,1.0,2.0,4.0,6.0,17.0,639.0,33.23943661971831,28.328413414426457,-4.0,12.0,27.0,46.0,179.0,639.0,0.2519561815336463,0.5376645403516404,0.0,0.0,0.0,0.0,4.0,639.0,0.026604068857589983,0.16104931598046546,0.0,0.0,0.0,0.0,1.0,639.0,0.014084507042253521,0.11793175485626922,0.0,0.0,0.0,0.0,1.0,639.0,31.70735524256651,29.58326741091817,-9.0,9.0,26.0,46.0,208.0,639.0,15.52112676056338,16.211932251208133,0.0,3.5,11.0,22.0,109.0,639.0,1.7089201877934272,1.5575979995180997,0.0,1.0,1.0,2.0,8.0,639.0,0.9639066948507313,3.1755754280437793,-12.396136283874512,-0.8751227855682373,0.6973674893379211,2.569159507751465,13.262532234191896,639.0,0.018779342723004695,0.13585124567672688,0.0,0.0,0.0,0.0,1.0,639.0,1.4497890787633465,1.9499374528446296,0.0,0.5352869927883148,1.0357142686843872,1.6449580192565918,19.0,639.0,0.14092073148241813,0.08750196930946456,0.0185185186564922,0.07080200687050815,0.125,0.2000000029802322,0.4857142865657806,639.0,0.1321115158651321,0.11605289139231187,-0.0666666701436042,0.04268535226583475,0.110047847032547,0.1928592547774315,0.6064140200614929,639.0,0.3038591562518165,0.20005330835737314,0.0251847151666879,0.14577080309391016,0.2613634169101715,0.4322269558906555,1.1298850774765017,639.0,0.0,0.0,0.0,0.0,0.0,0.0,0.0,639.0,4.870735524256652,4.978361131155514,-0.4,1.3,3.3,7.2,31.9,639.0,7.930203442879499,6.713880147549709,0.0,2.95,6.4,11.350000000000001,39.9
TE,2023,735.0,14218.880272108843,1638.6037742449982,11471.0,12799.5,14030.0,15799.5,16901.0,735.0,9.931972789115646,5.626983288200622,1.0,5.0,10.0,15.0,22.0,735.0,0.0,0.0,0.0,0.0,0.0,0.0,0.0,735.0,0.0013605442176870747,0.03688555567816587,0.0,0.0,0.0,0.0,1.0,735.0,0.0,0.0,0.0,0.0,0.0,0.0,0.0,735.0,0.0,0.0,0.0,0.0,0.0,0.0,0.0,735.0,0.0,0.0,0.0,0.0,0.0,0.0,0.0,735.0,0.0013605442176870747,0.03688555567816588,0.0,0.0,0.0,0.0,1.0,735.0,0.005442176870748299,0.1475422227126635,0.0,0.0,0.0,0.0,4.0,735.0,0.0,0.0,0.0,0.0,0.0,0.0,0.0,735.0,0.0,0.0,0.0,0.0,0.0,0.0,0.0,735.0,0.009523809523809525,0.2581988897471611,0.0,0.0,0.0,0.0,7.0,735.0,0.0,0.0,0.0,0.0,0.0,0.0,0.0,735.0,0.0,0.0,0.0,0.0,0.0,0.0,0.0,735.0,-0.00425334966101614,0.08932748225881268,-2.2643816471099854,0.0,0.0,0.0,0.0,735.0,0.0,0.0,0.0,0.0,0.0,0.0,0.0,735.0,0.0,0.0,0.0,0.0,0.0,0.0,0.0,735.0,0.0,0.0,0.0,0.0,0.0,0.0,0.0,735.0,0.024489795918367346,0.15466930387308594,0.0,0.0,0.0,0.0,1.0,735.0,0.03945578231292517,0.4238396281603227,-4.0,0.0,0.0,0.0,6.0,735.0,0.0,0.0,0.0,0.0,0.0,0.0,0.0,735.0,0.0,0.0,0.0,0.0,0.0,0.0,0.0,735.0,0.0,0.0,0.0,0.0,0.0,0.0,0.0,735.0,0.00816326530612245,0.09004253012787933,0.0,0.0,0.0,0.0,1.0,735.0,-0.008675632063223391,0.24085272717977324,-3.542233228683472,0.0,0.0,0.0,2.840270757675171,735.0,0.0,0.0,0.0,0.0,0.0,0.0,0.0,735.0,3.1333333333333333,2.2887395640411485,0.0,1.0,3.0,4.0,12.0,735.0,4.356462585034014,2.9102390892915864,1.0,2.0,4.0,6.0,15.0,735.0,32.52517006802721,27.86707657586648,-1.0,11.0,26.0,46.0,179.0,735.0,0.20408163265306123,0.4718041133695489,0.0,0.0,0.0,0.0,3.0,735.0,0.027210884353741496,0.16280821666213469,0.0,0.0,0.0,0.0,1.0,735.0,0.014965986394557823,0.12149934206468939,0.0,0.0,0.0,0.0,1.0,735.0,28.443537414965988,26.36211381301499,-13.0,8.0,23.0,42.5,135.0,735.0,15.389115646258503,15.054339038172797,-2.0,4.0,11.0,23.0,104.0,735.0,1.6149659863945578,1.5065865265748124,0.0,0.0,1.0,2.0,9.0,735.0,0.9680899379898471,3.0007577965340664,-9.231120109558104,-0.7583042681217194,0.7320234775543213,2.4397566318511963,13.80995273590088,735.0,0.00816326530612245,0.09004253012787936,0.0,0.0,0.0,0.0,1.0,735.0,1.542048368025191,1.9786039116805167,0.0,0.6067648530006409,1.1176470518112185,1.7192118167877197,20.0,735.0,0.1347510839121885,0.08427515569237697,0.0172413792461156,0.0645161271095275,0.1190476194024086,0.1923076957464218,0.46875,735.0,0.11808637936352465,0.11749247320544691,-0.1214953288435936,0.0307455528527498,0.0958083868026733,0.17121566832065577,1.100000023841858,735.0,0.28478708921545215,0.1927794544370435,0.0165598299354314,0.1254719868302345,0.2496913522481918,0.39348490536212916,1.0783250331878662,735.0,0.0,0.0,0.0,0.0,0.0,0.0,0.0,735.0,4.46734693877551,4.521260151815634,-0.5,1.2,3.0,6.3,27.3,735.0,7.600680272108844,6.316667289017336,0.0,2.7,6.1,10.649999999999999,37.3
WR,2021,1014.0,3309.9901380670613,1550.9285993041608,503.0,1960.25,3585.5,4678.75,5600.0,1014.0,9.988165680473372,5.670088991274218,1.0,5.0,10.0,15.0,22.0,1014.0,0.008875739644970414,0.10382667586473478,0.0,0.0,0.0,0.0,2.0,1014.0,0.01775147928994083,0.13938403974564473,0.0,0.0,0.0,0.0,2.0,1014.0,0.21597633136094674,2.6514726455240756,0.0,0.0,0.0,0.0,46.0,1014.0,0.0009861932938856016,0.031403714651066374,0.0,0.0,0.0,0.0,1.0,1014.0,0.0,0.0,0.0,0.0,0.0,0.0,0.0,1014.0,0.0029585798816568047,0.054339107996024205,0.0,0.0,0.0,0.0,1.0,1014.0,0.010848126232741617,0.2196665125005534,0.0,0.0,0.0,0.0,6.0,1014.0,0.0,0.0,0.0,0.0,0.0,0.0,0.0,1014.0,0.0,0.0,0.0,0.0,0.0,0.0,0.0,1014.0,0.2485207100591716,2.5647340200012003,-4.0,0.0,0.0,0.0,44.0,1014.0,0.1203155818540434,2.100937951352485,0.0,0.0,0.0,0.0,50.0,1014.0,0.007889546351084813,0.08851569500257044,0.0,0.0,0.0,0.0,1.0,1014.0,0.005852597675615043,0.20492444973160226,-1.5157049894332886,0.0,0.0,0.0,3.192443609237671,1014.0,0.0019723865877712033,0.04438963294682062,0.0,0.0,0.0,0.0,1.0,1014.0,0.009620786771266418,0.15135738546034727,0.0,0.0,0.0,0.0,4.090909004211426,1014.0,0.0,0.0,0.0,0.0,0.0,0.0,0.0,1014.0,0.19625246548323472,0.48465674582357404,0.0,0.0,0.0,0.0,3.0,1014.0,1.2712031558185404,4.5185172519445285,-13.0,0.0,0.0,0.0,43.0,1014.0,0.006903353057199211,0.08283999330170579,0.0,0.0,0.0,0.0,1.0,1014.0,0.0019723865877712033,0.04438963294682062,0.0,0.0,0.0,0.0,1.0,1014.0,0.0009861932938856016,0.03140371465106638,0.0,0.0,0.0,0.0,1.0,1014.0,0.07199211045364892,0.2805729857498051,0.0,0.0,0.0,0.0,3.0,1014.0,0.040336654271702674,0.5407829231172765,-8.297101974487305,0.0,0.0,0.0,3.458455801010132,1014.0,0.0,0.0,0.0,0.0,0.0,0.0,0.0,1014.0,4.125246548323472,2.665470346890199,0.0,2.0,4.0,6.0,15.0,1014.0,6.32741617357002,3.595722180094185,0.0,4.0,6.0,9.0,18.0,1014.0,52.58086785009862,39.08164523040697,-3.0,23.0,45.0,76.0,266.0,1014.0,0.35009861932938857,0.6016717333946374,0.0,0.0,0.0,1.0,4.0,1014.0,0.03353057199211045,0.18010625511502368,0.0,0.0,0.0,0.0,1.0,1014.0,0.01972386587771203,0.13911837297906168,0.0,0.0,0.0,0.0,1.0,1014.0,67.22189349112426,48.5450206161091,-12.0,31.0,59.0,94.0,321.0,1014.0,18.58284023668639,18.531383732484485,-1.0,5.0,14.0,26.0,153.0,1014.0,2.509861932938856,1.89231348524156,0.0,1.0,2.0,4.0,12.0,1014.0,1.8371304762145575,4.425548689932445,-23.14002799987793,-0.8693771511316299,1.4331680536270142,4.281288743019104,22.73988342285156,1014.0,0.015779092702169626,0.12468136888902348,0.0,0.0,0.0,0.0,1.0,1014.0,0.985232019374474,1.1799190613288493,-0.0512820519506931,0.4473512843251228,0.8181818127632141,1.2117225229740143,19.0,1014.0,0.18857933084904796,0.09983477388963437,0.0,0.11560823023319237,0.1818181872367859,0.2569597214460373,0.5909090638160706,1014.0,0.25751411745644354,0.16531214278316023,-0.1034482792019844,0.1316424123942852,0.2431506067514419,0.3621067255735397,0.8659793734550476,1014.0,0.4631288755810002,0.2497646602776391,0.0,0.2791619971394539,0.44252949953079224,0.6284410655498505,1.4045957326889038,1014.0,0.0009861932938856016,0.03140371465106638,0.0,0.0,0.0,0.0,1.0,1014.0,7.539802761341223,6.531380697898479,-0.6,2.5,5.75,11.0,44.6,1014.0,11.665049309664695,8.59022630113855,-0.4,5.0,10.1,16.48,55.6
WR,2022,1274.0,8765.215855572998,1594.145571093793,5959.0,7280.0,8959.5,10010.75,11288.0,1274.0,9.940345368916798,5.683831774035564,1.0,5.0,10.0,15.0,22.0,1274.0,0.004709576138147566,0.06849144615012417,0.0,0.0,0.0,0.0,1.0,1274.0,0.007849293563579277,0.08828249960407022,0.0,0.0,0.0,0.0,1.0,1274.0,0.04709576138147567,0.9697604818905217,-2.0,0.0,0.0,0.0,23.0,1274.0,0.0007849293563579278,0.028016590734026296,0.0,0.0,0.0,0.0,1.0,1274.0,0.0007849293563579278,0.0280165907340263,0.0,0.0,0.0,0.0,1.0,1274.0,0.002354788069073783,0.048488024094526086,0.0,0.0,0.0,0.0,1.0,1274.0,0.02433281004709576,0.5046879079561821,0.0,0.0,0.0,0.0,12.0,1274.0,0.0,0.0,0.0,0.0,0.0,0.0,0.0,1274.0,0.0,0.0,0.0,0.0,0.0,0.0,0.0,1274.0,0.05180533751962323,1.1317668436184134,-6.0,0.0,0.0,0.0,25.0,1274.0,0.036891679748822605,0.8460741050537954,0.0,0.0,0.0,0.0,28.0,1274.0,0.0031397174254317113,0.05596711756439515,0.0,0.0,0.0,0.0,1.0,1274.0,-0.0045458464919819,0.2290054903651175,-4.980502605438232,0.0,0.0,0.0,3.2179458141326904,1274.0,0.0,0.0,0.0,0.0,0.0,0.0,0.0,1274.0,0.0027238917500482436,0.05661794979285088,0.0,0.0,0.0,0.0,1.375,1274.0,0.0,0.0,0.0,0.0,0.0,0.0,0.0,1274.0,0.2260596546310832,0.6184482643428588,0.0,0.0,0.0,0.0,6.0,1274.0,1.294348508634223,5.485295583902706,-26.0,0.0,0.0,0.0,68.0,1274.0,0.01098901098901099,0.11157007684524382,0.0,0.0,0.0,0.0,2.0,1274.0,0.002354788069073783,0.048488024094526086,0.0,0.0,0.0,0.0,1.0,1274.0,0.0007849293563579278,0.0280165907340263,0.0,0.0,0.0,0.0,1.0,1274.0,0.08163265306122448,0.32384934876044286,0.0,0.0,0.0,0.0,3.0,1274.0,0.029785251880161102,0.5884329450774078,-5.135580539703369,0.0,0.0,0.0,4.783145427703857,1274.0,0.0,0.0,0.0,0.0,0.0,0.0,0.0,1274.0,3.901883830455259,2.6907562633031317,0.0,2.0,4.0,6.0,14.0,1274.0,6.02668759811617,3.6290151122215195,0.0,3.0,6.0,8.0,19.0,1274.0,49.71899529042386,38.995391194574374,-4.0,17.0,43.0,72.75,223.0,1274.0,0.28728414442700156,0.5440920304326249,0.0,0.0,0.0,0.0,3.0,1274.0,0.044740973312401885,0.21427780113090703,0.0,0.0,0.0,0.0,2.0,1274.0,0.029827315541601257,0.17017749158025927,0.0,0.0,0.0,0.0,1.0,1274.0,64.27315541601256,47.40866227155146,-13.0,27.0,57.0,95.0,334.0,1274.0,16.39324960753532,16.87810329201009,-4.0,4.0,11.0,24.0,97.0,1274.0,2.370486656200942,1.8799663838216405,0.0,1.0,2.0,3.75,10.0,1274.0,1.540017972032783,4.165573206229476,-12.414368629455566,-0.9668071717023848,1.2056129574775696,4.015145361423492,16.174365997314453,1274.0,0.0141287284144427,0.11806798635463468,0.0,0.0,0.0,0.0,1.0,1274.0,0.9430881450303612,1.1403477548023455,-0.0833333358168602,0.46990739554166794,0.7863881886005402,1.1332031190395355,18.0,1274.0,0.1851419428512571,0.10275538026228327,0.0,0.10278514772653576,0.17902930825948715,0.25,0.53125,1274.0,0.2495582816613183,0.1633592069561605,-0.1000000014901161,0.11825232207775115,0.23605555295944208,0.36014219373464584,0.8350515365600586,1274.0,0.4524037089298247,0.2532583656652377,0.0,0.24228219687938687,0.4475327581167221,0.6286043077707291,1.304309964179993,1274.0,0.002354788069073783,0.048488024094526086,0.0,0.0,0.0,0.0,1.0,1274.0,6.875588697017268,6.139824721500125,-2.0,1.9,5.45,10.2,38.7,1274.0,10.777472527472527,8.263584044352793,-1.0,4.1,9.5,15.4,48.7
WR,2023,1654.0,14381.845828295041,1648.9295781176274,11454.0,12988.25,14511.5,15722.75,16919.0,1654.0,9.899637243047158,5.539679218631642,1.0,5.0,10.0,15.0,22.0,1654.0,0.005441354292623942,0.08139374180303027,0.0,0.0,0.0,0.0,2.0,1654.0,0.010882708585247884,0.109456423098192,0.0,0.0,0.0,0.0,2.0,1654.0,0.06892382103990327,1.5009863029590138,-7.0,0.0,0.0,0.0,49.0,1654.0,0.0018137847642079807,0.04256277983506468,0.0,0.0,0.0,0.0,1.0,1654.0,0.0006045949214026602,0.024588511980245174,0.0,0.0,0.0,0.0,1.0,1654.0,0.0018137847642079807,0.04256277983506468,0.0,0.0,0.0,0.0,1.0,1654.0,0.010278113663845224,0.2791670178878862,0.0,0.0,0.0,0.0,8.0,1654.0,0.0,0.0,0.0,0.0,0.0,0.0,0.0,1654.0,0.0,0.0,0.0,0.0,0.0,0.0,0.0,1654.0,0.08524788391777509,1.3532198273040597,-8.0,0.0,0.0,0.0,26.0,1654.0,0.042926239419588876,0.9639453853771192,0.0,0.0,0.0,0.0,27.0,1654.0,0.003022974607013301,0.05491502056766736,0.0,0.0,0.0,0.0,1.0,1654.0,-0.0044200520381385494,0.2324607809547035,-6.527068614959717,0.0,0.0,0.0,3.968392372131348,1654.0,0.0006045949214026602,0.024588511980245177,0.0,0.0,0.0,0.0,1.0,1654.0,0.006418477451066152,0.12938840903582705,0.0,0.0,0.0,0.0,4.0,1654.0,0.0,0.0,0.0,0.0,0.0,0.0,0.0,1654.0,0.19044740024183796,0.5176901259436858,0.0,0.0,0.0,0.0,4.0,1654.0,1.1281741233373639,4.920838996987458,-20.0,0.0,0.0,0.0,54.0,1654.0,0.009068923821039904,0.09482676325198065,0.0,0.0,0.0,0.0,1.0,1654.0,0.003022974607013301,0.054915020567667346,0.0,0.0,0.0,0.0,1.0,1654.0,0.0006045949214026602,0.024588511980245177,0.0,0.0,0.0,0.0,1.0,1654.0,0.0592503022974607,0.2461972983699282,0.0,0.0,0.0,0.0,2.0,1654.0,0.02198888673227474,0.48764625812477874,-6.153038024902344,0.0,0.0,0.0,4.502115249633789,1654.0,0.0,0.0,0.0,0.0,0.0,0.0,0.0,1654.0,3.459492140266022,2.5839546281827106,0.0,1.0,3.0,5.0,18.0,1654.0,5.434703748488513,3.5118370403487362,0.0,3.0,5.0,8.0,21.0,1654.0,44.19951632406288,39.36767415876809,-4.0,14.0,35.0,62.0,265.0,1654.0,0.2660217654171705,0.5070288906529016,0.0,0.0,0.0,0.0,3.0,1654.0,0.04050785973397823,0.2032494249298518,0.0,0.0,0.0,0.0,2.0,1654.0,0.018742442563482467,0.14004360283863967,0.0,0.0,0.0,0.0,2.0,1654.0,58.897218863361545,46.76354472308122,-13.0,22.0,50.0,83.75,286.0,1654.0,15.021160822249094,17.515324883946985,-3.0,2.0,9.0,21.0,145.0,1654.0,2.077992744860943,1.8486173011583897,0.0,1.0,2.0,3.0,14.0,1654.0,1.2929052835445234,4.249060584851059,-17.947952270507812,-1.1452525854110718,0.8685393929481506,3.6279811859130864,23.6286563873291,1654.0,0.011487303506650543,0.10659369072427509,0.0,0.0,0.0,0.0,1.0,1654.0,0.9101997621452037,1.2033912591994926,-0.2307692319154739,0.369865320622921,0.7417989373207092,1.13094225525856,30.0,1654.0,0.16710410452365623,0.10212711360101805,0.0,0.08392857387661933,0.1538461595773697,0.2352941185235977,0.5517241358757019,1654.0,0.23406010734884714,0.1702442986561065,-0.1020408198237419,0.09447821602225302,0.21168823540210718,0.34329003840684885,1.2000000476837158,1654.0,0.41449822936017866,0.25612205974538477,0.0,0.21435733512043953,0.38113002479076385,0.5859169661998749,1.4082051515579224,1654.0,0.003022974607013301,0.05491502056766735,0.0,0.0,0.0,0.0,1.0,1654.0,6.195743651753324,6.014536999201691,-1.6,1.7,4.4,9.275,40.5,1654.0,9.655235792019345,8.08258346007108,-0.6,3.4,7.7,14.1,52.2
